"","dex.high3_Vs_control3.baseMean","dex.high3_Vs_control3.log2FoldChange","dex.high3_Vs_control3.lfcSE","dex.high3_Vs_control3.pvalue","dex.high3_Vs_control3.padj","dex.high3_Vs_control3.SYMBOL","dex.high3_Vs_control3.ENTREZID","dex.high3_Vs_control3.GENENAME"
"ENSG00000141338",490.768532547055,3.2561859100425,0.124547817264967,2.71060344238974e-151,4.27597693036981e-147,"ABCA8",10351,"ATP binding cassette subfamily A member 8 "
"ENSG00000087303",196.283070173007,4.64110566096001,0.18182842508267,1.25884449676303e-144,9.92913596821836e-141,"NID2",22795,"nidogen 2 "
"ENSG00000113389",2185.39430957572,1.6325780535375,0.0689208163033265,1.213773949308e-124,6.38242801677789e-121,"NPR3",4883,"natriuretic peptide receptor 3 "
"ENSG00000128335",968.368442977282,2.02998814668984,0.0931278824038798,8.26231442387363e-107,3.25845025091516e-103,"APOL2",23780,"apolipoprotein L2 "
"ENSG00000117525",685.732414002843,-3.56283194360214,0.170558983515932,1.22974485735514e-97,3.87984502495547e-94,"F3",2152,"coagulation factor III, tissue factor "
"ENSG00000174136",696.462227026525,-2.03390102679532,0.101231063257465,3.44692002251704e-91,9.06252722586773e-88,"RGMB",285704,"repulsive guidance molecule BMP co-receptor b "
"ENSG00000103196",385.758636790309,3.17562387603755,0.15994923325635,1.09366970037778e-88,2.46466278906564e-85,"CRISPLD2",83716,"cysteine rich secretory protein LCCL domain containing 2 "
"ENSG00000231924",553.559631039925,-3.326430749202,0.170069233981408,2.4898175858167e-86,4.90960905203231e-83,"PSG1",5669,"pregnancy specific beta-1-glycoprotein 1 "
"ENSG00000157514",186.018375905686,3.90367322261024,0.205637197520611,9.72796182754123e-81,1.70509553143848e-77,"TSC22D3",1831,"TSC22 domain family member 3 "
"ENSG00000109861",998.286821507282,-1.73662754271113,0.0931688851918327,2.30551759626087e-78,3.04663361852561e-75,"CTSC",1075,"cathepsin C "
"ENSG00000108854",2406.0061548768,-1.71564946773174,0.0923596648549122,2.31756598556623e-78,3.04663361852561e-75,"SMURF2",64750,"SMAD specific E3 ubiquitin protein ligase 2 "
"ENSG00000116260",3128.97625296676,-1.55396947287937,0.0845798352874126,1.42039009350218e-76,1.60047526607121e-73,"QSOX1",5768,"quiescin sulfhydryl oxidase 1 "
"ENSG00000170961",307.00254586378,-3.72096986687866,0.202761878001759,8.54067568626914e-76,8.98194393005971e-73,"HAS2",3037,"hyaluronan synthase 2 "
"ENSG00000130635",1436.68185113852,1.55048647831363,0.0875227431060514,2.14001675688424e-71,1.98580966704993e-68,"COL5A1",1289,"collagen type V alpha 1 chain "
"ENSG00000196159",276.968021826173,2.64409845414855,0.14949473180723,4.44951243706941e-71,3.89950326082055e-68,"FAT4",79633,"FAT atypical cadherin 4 "
"ENSG00000120708",1598.31390471605,-1.87726739210632,0.108731814484534,4.83924153986461e-68,4.01784396270338e-65,"TGFBI",7045,"transforming growth factor beta induced "
"ENSG00000134363",278.834967328559,-3.75916351053118,0.221277573524806,3.79347864157256e-66,2.99210627854035e-63,"FST",10468,"follistatin "
"ENSG00000285972",137.84753061498,3.08986288107994,0.184290446300004,5.75251061671156e-64,4.32123118945832e-61,"CERNA2",NA,"competing endogenous lncRNA 2 for microRNA let-7b "
"ENSG00000169908",406.27714485245,-2.7613901903354,0.173754278211778,6.40037576400435e-58,4.38982294248559e-55,"TM4SF1",4071,"transmembrane 4 L six family member 1 "
"ENSG00000144057",400.25145517657,-2.30173275967853,0.145415408943175,2.41133873277057e-57,1.58495285456065e-54,"ST6GAL2",84620,"ST6 beta-galactoside alpha-2,6-sialyltransferase 2 "
"ENSG00000120937",645.273836114208,-2.29668911847043,0.147410478540718,1.12670888546665e-55,6.83608948778326e-53,"NPPB",4879,"natriuretic peptide B "
"ENSG00000122641",395.171863380097,-1.97617437962804,0.128465361147108,7.64742930936455e-55,4.30850704840092e-52,"INHBA",3624,"inhibin subunit beta A "
"ENSG00000153531",87.7349364209794,4.89232900626561,0.316966179402727,1.10809740071962e-53,6.02766775736274e-51,"ADPRHL1",113622,"ADP-ribosylhydrolase like 1 "
"ENSG00000183023",502.234293908484,-1.57126285194637,0.103743165671298,9.07072783175616e-53,4.76969105153178e-50,"SLC8A1",6546,"solute carrier family 8 member A1 "
"ENSG00000115461",222.009681729413,-3.41810073974401,0.226594026189242,3.33398792271489e-52,1.69656966067185e-49,"IGFBP5",3488,"insulin like growth factor binding protein 5 "
"ENSG00000243137",489.243279954186,-1.89537634564891,0.127336559612938,2.16786990536383e-51,1.03630750779135e-48,"PSG4",5672,"pregnancy specific beta-1-glycoprotein 4 "
"ENSG00000049192",232.998417321215,-2.28902259456044,0.158792566301198,2.16151110257788e-48,9.74223932661886e-46,"ADAMTS6",11174,"ADAM metallopeptidase with thrombospondin type 1 motif 6 "
"ENSG00000166147",550.942108969533,1.9327754269402,0.136063641417206,6.50936325030049e-47,2.85236681315251e-44,"FBN1",2200,"fibrillin 1 "
"ENSG00000132359",400.358487614437,-1.5135099811591,0.112502253967811,2.09618389200871e-42,8.9371083503885e-40,"RAP1GAP2",23108,"RAP1 GTPase activating protein 2 "
"ENSG00000128512",229.254316948334,-2.21383324582319,0.165493825757037,4.27316067457923e-42,1.77392393793388e-39,"DOCK4",9732,"dedicator of cytokinesis 4 "
"ENSG00000285417",75.9016465645538,3.01848491022482,0.230559781547898,4.83437974869717e-40,1.90655851339245e-37,"BX571818.1",NA,"novel pseudogene"
"ENSG00000113578",362.925077478157,-1.79951761789606,0.138162069811299,1.30538602297444e-39,5.02255232010289e-37,"FGF1",2246,"fibroblast growth factor 1 "
"ENSG00000081923",1500.96008021126,-1.52723347750758,0.118368401536045,2.69141752653348e-39,9.43491366245903e-37,"ATP8B1",5205,"ATPase phospholipid transporting 8B1 "
"ENSG00000163453",352.83579192642,1.8366631573384,0.143041491008234,7.96859584864254e-39,2.73270868505078e-36,"IGFBP7",3490,"insulin like growth factor binding protein 7 "
"ENSG00000187210",298.396568023247,1.60349051322129,0.125906612293632,2.53449925012571e-38,8.15953585117003e-36,"GCNT1",2650,"glucosaminyl (N-acetyl) transferase 1 "
"ENSG00000204941",329.870298610858,-1.65887363765044,0.130155408325258,3.44568953336584e-38,1.07701635560186e-35,"PSG5",5673,"pregnancy specific beta-1-glycoprotein 5 "
"ENSG00000204767",269.898060748262,-2.14730804391008,0.169805626201831,3.55022824033576e-38,1.07701635560186e-35,"INSYN2B",100131897,"inhibitory synaptic factor family member 2B "
"ENSG00000175592",640.295609702053,-1.50672713024498,0.121939925136617,2.12323584371946e-36,5.98107954190615e-34,"FOSL1",8061,"FOS like 1, AP-1 transcription factor subunit "
"ENSG00000154175",147.682915084413,-2.6187705144548,0.211984022395903,2.71736555336149e-36,7.52042835162763e-34,"ABI3BP",25890,"ABI family member 3 binding protein "
"ENSG00000154734",4366.02496235784,-1.57895818546132,0.128244528348853,4.86267688578718e-36,1.32256427367746e-33,"ADAMTS1",9510,"ADAM metallopeptidase with thrombospondin type 1 motif 1 "
"ENSG00000182261",160.700904959229,-2.6220380293399,0.215243127332009,4.17427966645472e-35,1.04522637679878e-32,"NLRP10",338322,"NLR family pyrin domain containing 10 "
"ENSG00000171234",140.604058077462,1.87807363816637,0.161135459569623,1.99931422528905e-32,4.44532616188719e-30,"UGT2B7",7364,"UDP glucuronosyltransferase family 2 member B7 "
"ENSG00000185551",585.273015758885,-1.71137676228776,0.147514067231761,2.2193883182221e-32,4.86261815554912e-30,"NR2F2",7026,"nuclear receptor subfamily 2 group F member 2 "
"ENSG00000155850",285.543968167478,1.50142174279001,0.130583631833219,6.29080423353865e-32,1.35941694224757e-29,"SLC26A2",1836,"solute carrier family 26 member 2 "
"ENSG00000085563",199.756856770734,1.52744035796962,0.132591303560768,9.67653451581645e-32,2.06280178360817e-29,"ABCB1",5243,"ATP binding cassette subfamily B member 1 "
"ENSG00000115468",118.119204730762,2.08888754473998,0.182795312474006,1.7081701991466e-31,3.59285131887168e-29,"EFHD1",80303,"EF-hand domain family member D1 "
"ENSG00000185483",79.9985134608612,2.55529377172237,0.222203957675941,2.02657708145827e-31,4.20648071842162e-29,"ROR1",4919,"receptor tyrosine kinase like orphan receptor 1 "
"ENSG00000152377",157.317582208018,-1.90281205400899,0.166292196661288,2.18471978800587e-31,4.47583826698605e-29,"SPOCK1",6695,"SPARC (osteonectin), cwcv and kazal like domains proteoglycan 1 "
"ENSG00000013588",1372.12220134662,-1.60676571031642,0.141373874665785,3.29804421903227e-31,6.67008301990181e-29,"GPRC5A",9052,"G protein-coupled receptor class C group 5 member A "
"ENSG00000135919",180.831573095432,-1.72125012036081,0.153140090972798,1.76229374014966e-30,3.39026631108059e-28,"SERPINE2",5270,"serpin family E member 2 "
"ENSG00000128510",1105.3374870752,-2.07956339695004,0.185501683526948,2.24958046939164e-30,4.27555806080158e-28,"CPA4",51200,"carboxypeptidase A4 "
"ENSG00000096060",678.435386035342,1.52326546255054,0.137782187950416,1.29467102550431e-29,2.4027571090977e-27,"FKBP5",2289,"FKBP prolyl isomerase 5 "
"ENSG00000011422",259.251985106556,-1.6892861129706,0.153658719314005,3.04965386183987e-29,5.52968846787632e-27,"PLAUR",5329,"plasminogen activator, urokinase receptor "
"ENSG00000146592",239.222405097864,-1.65018874047919,0.152820641279276,9.68852591883842e-29,1.67952193812831e-26,"CREB5",9586,"cAMP responsive element binding protein 5 "
"ENSG00000139132",376.751034581357,1.58613382861718,0.146095038909933,1.32305428646822e-28,2.26860667054741e-26,"FGD4",121512,"FYVE, RhoGEF and PH domain containing 4 "
"ENSG00000133107",148.624659198307,-1.79878430458658,0.166217949335746,1.38190041638275e-28,2.34403000735891e-26,"TRPC4",7223,"transient receptor potential cation channel subfamily C member 4 "
"ENSG00000178031",179.227886107836,-1.99411765051563,0.185507540427299,8.0006249931486e-28,1.30113256976205e-25,"ADAMTSL1",92949,"ADAMTS like 1 "
"ENSG00000013297",173.372110812407,-1.5669119207697,0.146884938558425,9.39798469502009e-28,1.5127878424892e-25,"CLDN11",5010,"claudin 11 "
"ENSG00000149948",155.667776418432,-2.14010862473631,0.20281918770828,1.55176432332061e-27,2.47263456569521e-25,"HMGA2",8091,"high mobility group AT-hook 2 "
"ENSG00000135899",132.80122379649,1.74354138598869,0.164870643851066,2.16689468391701e-27,3.41827636387909e-25,"SP110",3431,"SP110 nuclear body protein "
"ENSG00000212724",140.648072309311,-3.19262553242714,0.309951658669162,3.65036195498576e-26,5.38172521868227e-24,"KRTAP2-3",730755,"keratin associated protein 2-3 "
"ENSG00000183018",157.287041806358,-2.3168545627469,0.225935975309673,8.05457548096688e-26,1.15509934738411e-23,"SPNS2",124976,"sphingolipid transporter 2 "
"ENSG00000161896",38.2807039802021,3.28603160149632,0.324857888973057,5.16987125570286e-25,7.15392272444848e-23,"IP6K3",117283,"inositol hexakisphosphate kinase 3 "
"ENSG00000242221",126.404597819693,-2.23250686076149,0.223370983167075,9.3135703297051e-25,1.27757888653129e-22,"PSG2",5670,"pregnancy specific beta-1-glycoprotein 2 "
"ENSG00000115363",136.966606731524,-1.82029194554336,0.184909271598197,5.8655915649424e-24,7.71080891141387e-22,"EVA1A",84141,"eva-1 homolog A, regulator of programmed cell death "
"ENSG00000095752",339.13257540368,-2.40146664904296,0.246992049467527,1.26548524130119e-23,1.6498371637625e-21,"IL11",3589,"interleukin 11 "
"ENSG00000179094",198.49366217244,2.222845168153,0.231413591372479,4.76421893137454e-23,5.91776012932546e-21,"PER1",5187,"period circadian regulator 1 "
"ENSG00000120899",55.7422205827817,2.22473290773043,0.233468220552604,1.18142085953435e-22,1.43360877378111e-20,"PTK2B",2185,"protein tyrosine kinase 2 beta "
"ENSG00000146038",74.7205007763898,-4.25952678466119,0.442844264224375,1.86089397468026e-22,2.19071660078963e-20,"DCDC2",51473,"doublecortin domain containing 2 "
"ENSG00000109846",94.2347684901743,2.06289874069768,0.220368792967303,3.20639684854375e-22,3.74673409524279e-20,"CRYAB",1410,"crystallin alpha B "
"ENSG00000131773",164.977540656421,-1.55716363524817,0.166054238635044,4.53027765718193e-22,5.2164328497843e-20,"KHDRBS3",10656,"KH RNA binding domain containing, signal transduction associated 3 "
"ENSG00000138675",928.963335394363,-2.06118492619875,0.223211625311945,1.44844559733852e-21,1.6091006547898e-19,"FGF5",2250,"fibroblast growth factor 5 "
"ENSG00000152779",53.0084732915929,2.1507172939138,0.236533658316958,1.03207033021677e-20,1.07111246441905e-18,"SLC16A12",387700,"solute carrier family 16 member 12 "
"ENSG00000134668",112.58554530204,-1.82779101727463,0.203073895438888,1.11504939897499e-20,1.14966694567519e-18,"SPOCD1",90853,"SPOC domain containing 1 "
"ENSG00000117152",54.1951252863676,-3.72720756775566,0.405915488431539,1.2444164488039e-20,1.25837624871035e-18,"RGS4",5999,"regulator of G protein signaling 4 "
"ENSG00000128422",168.005791725636,-1.55632031449745,0.173024982238582,1.37888774569692e-20,1.36804743323075e-18,"KRT17",3872,"keratin 17 "
"ENSG00000130702",108.140939575234,1.72498428271527,0.205235300069632,2.98085326814271e-18,2.47489264762902e-16,"LAMA5",3911,"laminin subunit alpha 5 "
"ENSG00000154736",194.996354741057,-1.61244988665652,0.192273640514336,3.05517254985085e-18,2.523316595492e-16,"ADAMTS5",11096,"ADAM metallopeptidase with thrombospondin type 1 motif 5 "
"ENSG00000169432",97.0822291233367,-1.7778775225059,0.2127342193541,4.32429561114349e-18,3.5344955059994e-16,"SCN9A",6335,"sodium voltage-gated channel alpha subunit 9 "
"ENSG00000144891",102.440369828862,-1.80243892104471,0.215806910754285,6.17975845633394e-18,4.99926613582912e-16,"AGTR1",185,"angiotensin II receptor type 1 "
"ENSG00000148600",70.9679325180367,1.79196400991614,0.215280577980483,7.02105741351209e-18,5.59379700495723e-16,"CDHR1",92211,"cadherin related family member 1 "
"ENSG00000204531",38.6998038524244,3.07665461734964,0.371644119658857,9.67380609086237e-18,7.55466787541356e-16,"POU5F1",5460,"POU class 5 homeobox 1 "
"ENSG00000163814",113.352570970178,-1.65958037298441,0.202431395983096,1.61382264191094e-17,1.24794373412476e-15,"CDCP1",64866,"CUB domain containing protein 1 "
"ENSG00000225383",61.7762865259591,-2.32254363135794,0.284929288064563,3.45845956638083e-17,2.57345281413479e-15,"SFTA1P",NA,"surfactant associated 1, lncRNA "
"ENSG00000131737",77.3769790141445,-2.29395213954647,0.285607647638536,3.90264037500045e-17,2.87682952876785e-15,"KRT34",3885,"keratin 34 "
"ENSG00000102452",90.6434987271238,1.54278908403663,0.19149763281204,4.61724965952065e-17,3.38777271529945e-15,"NALCN",259232,"sodium leak channel, non-selective "
"ENSG00000164220",80.8696055312122,-1.89520596187168,0.235451385724635,6.40867405550255e-17,4.65884024080888e-15,"F2RL2",2151,"coagulation factor II thrombin receptor like 2 "
"ENSG00000141052",91.433917441541,-1.9896764932999,0.247788340897369,6.52256752198263e-17,4.71988544308606e-15,"MYOCD",93649,"myocardin "
"ENSG00000260604",55.3183705900305,1.94693551044441,0.24418571187879,1.26143327071166e-16,8.80491586083027e-15,"AL590004.3",NA,"novel transcript"
"ENSG00000164619",65.1286664881007,-2.21500707253553,0.280480411202104,2.78992112522535e-16,1.88081221155683e-14,"BMPER",168667,"BMP binding endothelial regulator "
"ENSG00000134259",75.2358596026579,-2.05615803714104,0.261410947253893,3.09387271291835e-16,2.06804415450369e-14,"NGF",4803,"nerve growth factor "
"ENSG00000127129",26.0525966384843,3.16225193841616,0.399745928912947,3.27502530202892e-16,2.1798955333125e-14,"EDN2",1907,"endothelin 2 "
"ENSG00000156463",78.1460997399753,-2.06716752793957,0.264621345016904,3.53791472892625e-16,2.3351717509963e-14,"SH3RF2",153769,"SH3 domain containing ring finger 2 "
"ENSG00000243130",59.6608327757471,-2.58072464310779,0.332589459747173,4.55346665171878e-16,2.96822051367206e-14,"PSG11",5680,"pregnancy specific beta-1-glycoprotein 11 "
"ENSG00000166033",32.9668061177538,2.66031744185227,0.339295343601429,4.83094939512751e-16,3.12328797984166e-14,"HTRA1",5654,"HtrA serine peptidase 1 "
"ENSG00000119138",76.2641005993036,1.54465719120828,0.199627145246793,8.28628813553744e-16,5.2496463991206e-14,"KLF9",687,"Kruppel like factor 9 "
"ENSG00000276850",44.0143946606192,2.10859200335322,0.272996298861911,1.00961744940325e-15,6.32012510489533e-14,"AC245041.2",NA,"novel transcript"
"ENSG00000170153",31.6964260526497,2.60458735844237,0.336992839136685,1.06049175529585e-15,6.61235471928538e-14,"RNF150",57484,"ring finger protein 150 "
"ENSG00000120875",184.610003104223,-1.51510278967229,0.205940052959324,1.09769453610068e-14,6.296775020723e-13,"DUSP4",1846,"dual specificity phosphatase 4 "
"ENSG00000125384",58.3832327998409,1.81699176143726,0.246533841357588,1.42719453292969e-14,8.06953181253258e-13,"PTGER2",5732,"prostaglandin E receptor 2 "
"ENSG00000249992",45.2420902950263,-2.566145387877,0.348356027043002,1.68512641483821e-14,9.493881855026e-13,"TMEM158",25907,"transmembrane protein 158 (gene/pseudogene) "
"ENSG00000258667",91.4635704616961,-1.65594608398061,0.230313018548682,3.83965056048306e-14,2.10314193026459e-12,"HIF1A-AS3",NA,"HIF1A antisense RNA 3 "
"ENSG00000129514",64.741807713703,-1.86190181897801,0.258391055553354,4.22592997675963e-14,2.30671437312745e-12,"FOXA1",3169,"forkhead box A1 "
"ENSG00000205683",84.2136597193408,-1.62006860458706,0.224357028957799,4.75582102460611e-14,2.57811260010864e-12,"DPF3",8110,"double PHD fingers 3 "
"ENSG00000168874",15.7405976689221,4.22025596058346,0.582597440340589,1.08028411669035e-13,5.60575063841786e-12,"ATOH8",84913,"atonal bHLH transcription factor 8 "
"ENSG00000100342",24.871385404585,2.98700492312924,0.418094962366698,1.61083017010974e-13,8.25027465372763e-12,"APOL1",8542,"apolipoprotein L1 "
"ENSG00000109819",15.6293175848136,4.01743555894474,0.562360978423394,2.09522553820444e-13,1.05936483542228e-11,"PPARGC1A",10891,"PPARG coactivator 1 alpha "
"ENSG00000265190",51.0738328351809,1.73946774638535,0.253659413819697,4.46257739434874e-13,2.15281829956732e-11,"ANXA8",653145,"annexin A8 "
"ENSG00000133106",27.3405250790241,2.13516015895247,0.322855162951602,3.64454316715231e-12,1.61951178765712e-10,"EPSTI1",94240,"epithelial stromal interaction 1 "
"ENSG00000145416",46.8470786067511,1.71230976762806,0.260156297293531,3.72483363379876e-12,1.65054074643751e-10,"MARCHF1",55016,"membrane associated ring-CH-type finger 1 "
"ENSG00000280739",18.5981420922312,2.57359218765902,0.390331555972388,3.80074937116891e-12,1.67477154553602e-10,"EIF1B-AS1",NA,"EIF1B antisense RNA 1 "
"ENSG00000247809",59.7695065498797,-1.6102841996428,0.24642212976029,3.96153144896702e-12,1.7311124267993e-10,"NR2F2-AS1",NA,"NR2F2 antisense RNA 1 "
"ENSG00000136378",58.0109951153056,1.61980655065086,0.251090107189798,7.22798770654805e-12,3.07335595878155e-10,"ADAMTS7",11173,"ADAM metallopeptidase with thrombospondin type 1 motif 7 "
"ENSG00000156113",73.6717657062906,-1.59891537097758,0.248876312335518,8.83365942139134e-12,3.72596196183017e-10,"KCNMA1",3778,"potassium calcium-activated channel subfamily M alpha 1 "
"ENSG00000171522",41.0969984640646,1.82334765362223,0.28912176289764,2.00461758905639e-11,8.06705164983789e-10,"PTGER4",5734,"prostaglandin E receptor 4 "
"ENSG00000166689",49.0049853766376,1.59805051508137,0.253985823657171,2.75013587580333e-11,1.08458483601994e-09,"PLEKHA7",144100,"pleckstrin homology domain containing A7 "
"ENSG00000138347",28.3069671343248,-2.48224774035039,0.39318721920303,3.44944851536299e-11,1.34358148962595e-09,"MYPN",84665,"myopalladin "
"ENSG00000170848",29.0995763348997,-3.25758361731587,0.513084424957166,3.87820004669866e-11,1.50034617023909e-09,"PSG6",5675,"pregnancy specific beta-1-glycoprotein 6 "
"ENSG00000079215",45.1551267048568,1.61164508714732,0.262682271900097,6.35294310367856e-11,2.39755209235716e-09,"SLC1A3",6507,"solute carrier family 1 member 3 "
"ENSG00000126562",57.5805249527353,-1.69157601238367,0.277665665233142,6.403591278031e-11,2.4108986255594e-09,"WNK4",65266,"WNK lysine deficient protein kinase 4 "
"ENSG00000283162",51.2155949033349,-1.71267341903085,0.279250534078335,7.049722966575e-11,2.61054882154274e-09,"AL390726.5",NA,"STRA6-like (Stra6l) pseudogene"
"ENSG00000082126",28.7576521170841,-5.3198261884488,0.818680979294703,1.10863127481852e-10,4.02964478347056e-09,"MPP4",58538,"membrane palmitoylated protein 4 "
"ENSG00000119922",44.6463613644519,1.65430547978555,0.274290777370928,1.12533649510948e-10,4.07160165375045e-09,"IFIT2",3433,"interferon induced protein with tetratricopeptide repeats 2 "
"ENSG00000188064",54.5620435744267,-2.04877395312571,0.340149801660126,1.16736150036746e-10,4.21398802478185e-09,"WNT7B",7477,"Wnt family member 7B "
"ENSG00000164236",173.866374740383,1.51127163520539,0.25176342428313,1.19833910077151e-10,4.30610462748761e-09,"ANKRD33B",651746,"ankyrin repeat domain 33B "
"ENSG00000134516",48.1766929548583,-1.71655312284574,0.286007638581419,1.37158304129273e-10,4.87313569288126e-09,"DOCK2",1794,"dedicator of cytokinesis 2 "
"ENSG00000183668",45.1865833489425,-1.83557050282779,0.30622341095541,1.37679043119022e-10,4.88064473079228e-09,"PSG9",5678,"pregnancy specific beta-1-glycoprotein 9 "
"ENSG00000100311",46.3567504314694,1.57937233728582,0.266725285642067,2.41912582178152e-10,8.36879601723760e-09,"PDGFB",5155,"platelet derived growth factor subunit B "
"ENSG00000261040",34.2654988392355,1.82580791456929,0.309925831328449,3.23059849529879e-10,1.09833386343402e-08,"WFDC21P",NA,"WAP four-disulfide core domain 21, pseudogene "
"ENSG00000176399",24.5761427387257,2.14461434724226,0.365433671934516,3.80546519392393e-10,1.27725986030106e-08,"DMRTA1",63951,"DMRT like family A1 "
"ENSG00000013619",53.4124918968813,-1.56836627566515,0.271787679760718,5.63657107479757e-10,1.84474914325584e-08,"MAMLD1",10046,"mastermind like domain containing 1 "
"ENSG00000147573",37.1252729687705,-1.77880150692828,0.310390366214903,6.69248338300339e-10,2.16340010997702e-08,"TRIM55",84675,"tripartite motif containing 55 "
"ENSG00000167772",12.3096409118032,3.31952194240772,0.561885893344148,6.9356145953042e-10,2.23284327022294e-08,"ANGPTL4",51129,"angiopoietin like 4 "
"ENSG00000139508",29.3755929208729,1.66343638383127,0.294480355752123,1.08204687367041e-09,3.37337735813254e-08,"SLC46A3",283537,"solute carrier family 46 member 3 "
"ENSG00000124467",26.0289383270591,-2.9204184670537,0.502189661553356,1.2119480096323e-09,3.7413854896183e-08,"PSG8",440533,"pregnancy specific beta-1-glycoprotein 8 "
"ENSG00000111319",16.2757980063134,6.12846168854451,0.981863394013325,1.35174874908918e-09,4.1486063262416e-08,"SCNN1A",6337,"sodium channel epithelial 1 subunit alpha "
"ENSG00000277758",33.0987305004611,1.69154017984696,0.304942928648644,2.11939579375489e-09,6.33209633456125e-08,"FO681492.1",102724488,"synaptotagmin-15 "
"ENSG00000197467",36.3692107275746,-1.96242847567714,0.356519064601004,2.72807664986661e-09,8.07418558192227e-08,"COL13A1",1305,"collagen type XIII alpha 1 chain "
"ENSG00000166106",46.6020104149766,1.54952658723326,0.283027467127658,2.91692199921832e-09,8.60083075470449e-08,"ADAMTS15",170689,"ADAM metallopeptidase with thrombospondin type 1 motif 15 "
"ENSG00000158234",37.8800260015242,1.56796591030992,0.292249732335211,5.03189331178127e-09,1.43540898722151e-07,"FAIM",55179,"Fas apoptotic inhibitory molecule "
"ENSG00000204176",33.9998622330351,1.63393730359898,0.308338432132045,7.73507005007793e-09,2.1596589387607e-07,"SYT15",83849,"synaptotagmin 15 "
"ENSG00000221869",23.6902950074427,1.86868664890486,0.350893150074145,8.21865453010552e-09,2.2825576621904e-07,"CEBPD",1052,"CCAAT enhancer binding protein delta "
"ENSG00000103647",22.8323843459969,1.96316304053427,0.371120058689153,9.89143288799558e-09,2.69494566162574e-07,"CORO2B",10391,"coronin 2B "
"ENSG00000221826",21.2052369324672,-2.41866860024483,0.45780585861257,1.56530994803869e-08,4.12233129053595e-07,"PSG3",5671,"pregnancy specific beta-1-glycoprotein 3 "
"ENSG00000115041",43.3646350610279,1.54661080440546,0.298843518061701,1.64613567326179e-08,4.30643287656796e-07,"KCNIP3",30818,"potassium voltage-gated channel interacting protein 3 "
"ENSG00000081052",20.0740553378874,1.84197546117141,0.363325315841117,3.19139243865113e-08,8.05507451515546e-07,"COL4A4",1286,"collagen type IV alpha 4 chain "
"ENSG00000221878",17.299247026975,-3.19351647250914,0.625234987441329,4.30560056133369e-08,1.07130676427506e-06,"PSG7",5676,"pregnancy specific beta-1-glycoprotein 7 (gene/pseudogene) "
"ENSG00000138316",9.58002465665442,3.71509533628679,0.70593439817111,4.59764498255257e-08,1.13677796285324e-06,"ADAMTS14",140766,"ADAM metallopeptidase with thrombospondin type 1 motif 14 "
"ENSG00000139209",9.29311474550668,3.42268417850084,0.669305829812371,6.78494522959183e-08,1.61925130101076e-06,"SLC38A4",55089,"solute carrier family 38 member 4 "
"ENSG00000053747",16.5962230832315,2.08575280011047,0.435820619330207,1.31316102694731e-07,3.00219060870924e-06,"LAMA3",3909,"laminin subunit alpha 3 "
"ENSG00000011465",9.27410712150492,4.36752874095676,0.843273135751217,1.45696041404439e-07,3.31175079705335e-06,"DCN",1634,"decorin "
"ENSG00000249867",37.6285887500731,-1.55401055932079,0.332768776761152,1.60613013103063e-07,3.62990011704988e-06,"LINC02742",NA,"long intergenic non-protein coding RNA 2742 "
"ENSG00000264301",17.5311368624771,-2.64585046699917,0.553360266559122,2.07968098657529e-07,4.63375248068152e-06,"LINC01444",NA,"long intergenic non-protein coding RNA 1444 "
"ENSG00000106034",27.0781029262007,-1.89518912001834,0.408356818525569,2.27962731291429e-07,5.02250291357862e-06,"CPED1",79974,"cadherin like and PC-esterase domain containing 1 "
"ENSG00000172927",23.53228921395,-2.29160126397115,0.482479977696563,2.35150041710314e-07,5.16642327016741e-06,"MYEOV",26579,"myeloma overexpressed "
"ENSG00000145242",26.2701879206618,-1.79127817230262,0.397868070006983,4.38225002044683e-07,9.1200519884629e-06,"EPHA5",2044,"EPH receptor A5 "
"ENSG00000103044",36.9360574546906,-1.52889960581536,0.346277089738317,5.99154125995941e-07,1.210199274979e-05,"HAS3",3038,"hyaluronan synthase 3 "
"ENSG00000264230",27.3874442205899,1.57379312977616,0.360204436967898,8.83518537058373e-07,1.7313670710678e-05,"ANXA8L1",728113,"annexin A8 like 1 "
"ENSG00000213949",19.0290400043144,1.72194168728494,0.398365800018619,1.16348387549539e-06,2.21132025734215e-05,"ITGA1",3672,"integrin subunit alpha 1 "
"ENSG00000204792",28.6758852343088,-1.65129862993891,0.386782210557331,1.21555326601153e-06,2.30196311780695e-05,"LINC01291",NA,"long intergenic non-protein coding RNA 1291 "
"ENSG00000240476",20.1637498301933,-2.13649424956696,0.503761029052649,1.71417396908776e-06,3.11172369926159e-05,"LINC00973",NA,"long intergenic non-protein coding RNA 973 "
"ENSG00000164761",16.7730728552088,-2.76179343168666,0.652929093709885,2.09821945702572e-06,3.70654109009863e-05,"TNFRSF11B",4982,"TNF receptor superfamily member 11b "
"ENSG00000166396",20.7678058081069,-1.92218672566826,0.457894334943298,2.19732051215929e-06,3.86237872609567e-05,"SERPINB7",8710,"serpin family B member 7 "
"ENSG00000263961",7.67619339214649,3.86865704794403,0.853271118515994,2.20546462749564e-06,3.86998937694591e-05,"RHEX",440712,"regulator of hemoglobinization and erythroid cell expansion "
"ENSG00000113361",21.7405145506887,-1.83212258466934,0.447863897435021,3.10187367465897e-06,5.23444860554971e-05,"CDH6",1004,"cadherin 6 "
"ENSG00000125730",10.8424536387611,2.42751921374505,0.584063546600967,3.27659872536358e-06,5.51048453012904e-05,"C3",718,"complement C3 "
"ENSG00000000971",8.50525399547184,2.92168452260983,0.71561801530128,3.75854879473798e-06,6.25433620643371e-05,"CFH",3075,"complement factor H "
"ENSG00000234685",6.26495582652007,3.40875523191566,0.806576361720428,4.06566291165156e-06,6.6947633018062e-05,"NUS1P2",NA,"NUS1 pseudogene 2 "
"ENSG00000162496",12.6880803204286,2.01251737454602,0.512414259193129,4.73073111750281e-06,7.65408034652377e-05,"DHRS3",9249,"dehydrogenase/reductase 3 "
"ENSG00000163395",19.0248968461193,-1.9749820304776,0.508116273329854,4.87569502615407e-06,7.87247584826822e-05,"IGFN1",91156,"immunoglobulin like and fibronectin type III domain containing 1 "
"ENSG00000182667",13.7509258316041,-3.74779671261046,0.869803099962362,5.90043733286271e-06,9.26163173392132e-05,"NTM",50863,"neurotrimin "
"ENSG00000225614",16.1140790271395,1.93968197572299,0.492196484536018,6.20786516516392e-06,9.70555728250355e-05,"ZNF469",84627,"zinc finger protein 469 "
"ENSG00000163815",12.7065942845794,1.89595462164346,0.477566063999206,6.61307981181609e-06,0.000102275817677842,"CLEC3B",7123,"C-type lectin domain family 3 member B "
"ENSG00000187957",28.8153949862245,-1.51628484437509,0.40257920656026,1.03280683646493e-05,0.000152409053744006,"DNER",92737,"delta/notch like EGF repeat containing "
"ENSG00000221955",7.44420847840864,2.28404910014043,0.605408885797784,1.45091590819664e-05,0.000208263862163804,"SLC12A8",84561,"solute carrier family 12 member 8 "
"ENSG00000163884",14.3830231694942,-1.97879090537947,0.538379334304756,1.53538386450343e-05,0.000218007924955369,"KLF15",28999,"Kruppel like factor 15 "
"ENSG00000137491",5.43934953768664,4.72588405338238,1.26764072946704,1.72066522051602e-05,0.000241920622581464,"SLCO2B1",11309,"solute carrier organic anion transporter family member 2B1 "
"ENSG00000140092",12.6503462221081,1.81927046689523,0.50972866948509,2.34766134375751e-05,0.000315640442945023,"FBLN5",10516,"fibulin 5 "
"ENSG00000163283",7.89384335261786,2.20497801576298,0.608861779637294,2.45156429665688e-05,0.000328284292541384,"ALPP",250,"alkaline phosphatase, placental "
"ENSG00000091129",10.4556792396776,1.95359244470953,0.554024414250403,3.27664932505699e-05,0.000427890257473295,"NRCAM",4897,"neuronal cell adhesion molecule "
"ENSG00000077616",8.622309087212,1.9731822996317,0.576854539809662,4.09256719839041e-05,0.000519808756478332,"NAALAD2",10003,"N-acetylated alpha-linked acidic dipeptidase 2 "
"ENSG00000176855",19.4556412038989,-1.63249758476815,0.482152532243149,4.17797988179373e-05,0.000530230351048238,"KRT18P28",NA,"keratin 18 pseudogene 28 "
"ENSG00000172824",11.9223465397013,1.87781353676641,0.544737583703781,4.92422451201654e-05,0.000613098987190694,"CES4A",283848,"carboxylesterase 4A "
"ENSG00000183671",11.7522045992781,1.80541352162124,0.535085932036074,4.96442444804521e-05,0.000616860469149632,"GPR1",2825,"G protein-coupled receptor 1 "
"ENSG00000237870",12.9116299313017,-2.13968033947796,0.618985274822722,5.40155021719367e-05,0.00066310859670218,"AC073130.1",NA,"novel transcript"
"ENSG00000188158",11.48076914956,-1.69819005168331,0.529638338377591,7.80657237656666e-05,0.000914923322736545,"NHS",4810,"NHS actin remodeling regulator "
"ENSG00000170485",8.68931388372444,2.44447361906104,0.73749023390223,8.28325267442409e-05,0.000962920493286957,"NPAS2",4862,"neuronal PAS domain protein 2 "
"ENSG00000171408",7.72688393823926,2.18897004590189,0.688990261264136,9.85388518645373e-05,0.00111784336520573,"PDE7B",27115,"phosphodiesterase 7B "
"ENSG00000125398",28.6301808610575,-1.94007613686682,0.658117560040995,0.000149675207068513,0.00158200319068219,"SOX9",6662,"SRY-box transcription factor 9 "
"ENSG00000099260",7.58076874207145,-2.68561688112248,0.849203886968165,0.000150359351862475,0.00158656774289668,"PALMD",54873,"palmdelphin "
"ENSG00000143127",7.68374672967499,2.04502974641624,0.690788894022815,0.000201623998419816,0.0020506889587831,"ITGA10",8515,"integrin subunit alpha 10 "
"ENSG00000163751",10.9750120303309,-2.05167059396647,0.700308293387317,0.000239401527188825,0.0023677486466481,"CPA3",1359,"carboxypeptidase A3 "
"ENSG00000176046",8.78988255301404,1.70369943372628,0.591113494221404,0.000250603246940452,0.00246156053579429,"NUPR1",26471,"nuclear protein 1, transcriptional regulator "
"ENSG00000252213",13.5882660689817,-1.58727679785838,0.564455594560205,0.000276963064074202,0.0026867578750494,"SNORA74D",NA,"small nucleolar RNA, H/ACA box 74D "
"ENSG00000099953",6.02407712335378,1.94765772181681,0.700617196666192,0.000387035965877547,0.00357389149429819,"MMP11",4320,"matrix metallopeptidase 11 "
"ENSG00000145708",10.1049032554683,-2.06971344915754,0.769671558367524,0.000387407572440565,0.00357389149429819,"CRHBP",1393,"corticotropin releasing hormone binding protein "
"ENSG00000280143",9.16740741030498,1.65033192362467,0.610228270057834,0.000422136999221339,0.00383153691755847,"AP000892.4",NA,"novel transcript"
"ENSG00000269927",7.55402774719254,1.61458072286858,0.61347530432882,0.000466378863224593,0.00418240942437781,"AC004817.3",NA,"novel transcript"
"ENSG00000261794",8.24028583543532,1.66468587010657,0.641397118915805,0.000647171485881834,0.00551546741749645,"GOLGA8H",728498,"golgin A8 family member H "
"ENSG00000229372",4.67517214795934,-3.47988669232413,1.3845301565664,0.000684210932950867,0.00578116093588641,"SZT2-AS1",NA,"SZT2 antisense RNA 1 "
"ENSG00000226806",6.59260840165587,-2.16826825611347,0.850721023796827,0.000775193089081414,0.00639574842063772,"LCT-AS1",NA,"LCT antisense RNA 1 "
"ENSG00000123843",5.99152229009791,2.52043093297846,0.951738987716097,0.000860911494600233,0.00697170371012252,"C4BPB",725,"complement component 4 binding protein beta "
"ENSG00000100767",5.57456199019135,1.97899335358557,0.811139933300224,0.000901043395302584,0.00725572208315379,"PAPLN",89932,"papilin, proteoglycan like sulfated glycoprotein "
"ENSG00000235863",6.19242133687648,2.05855330209355,0.819803730102275,0.000911305029382644,0.00731222626577376,"B3GALT4",8705,"beta-1,3-galactosyltransferase 4 "
"ENSG00000099994",5.36590138146341,1.84227245835604,0.763960162662098,0.000944648521990283,0.00754523059969454,"SUSD2",56241,"sushi domain containing 2 "
"ENSG00000204880",5.82937623745179,-3.22791154569052,1.37478341426961,0.000991919815778536,0.00785518830015382,"KRTAP4-8",728224,"keratin associated protein 4-8 "
"ENSG00000187699",5.95452091091796,2.01599956107537,0.85370060402556,0.0012056839864381,0.00925342376306005,"C2orf88",84281,"chromosome 2 open reading frame 88 "
"ENSG00000146192",11.3287728973612,-1.53018546654151,0.670475460384882,0.00126765457903895,0.00961006219617368,"FGD2",221472,"FYVE, RhoGEF and PH domain containing 2 "
"ENSG00000162631",6.17368486457089,-2.13362226881961,0.907357050319614,0.00131281902892034,0.00989002873983688,"NTNG1",22854,"netrin G1 "
"ENSG00000230309",4.40300541376648,-3.60863490006254,2.38437134531529,0.00150756610247407,0.0110649215158473,"AL121718.1",NA,"novel transcript"
"ENSG00000257642",5.68064893275197,-2.80749351318591,1.17917881246093,0.00151127117115357,0.0110833578451639,"AC011313.1",NA,"novel transcript, antisense to C12orf75"
"ENSG00000185432",4.47283023460748,2.04396294308815,0.930684571168666,0.0021153495190103,0.0146615284105393,"METTL7A",25840,"methyltransferase like 7A "
"ENSG00000104044",5.14360029215778,1.62592365842106,0.811188583193619,0.00238673353079996,0.0160694500419843,"OCA2",4948,"OCA2 melanosomal transmembrane protein "
"ENSG00000148344",5.06723927936925,2.20538230806415,1.02150763432253,0.00257767071488095,0.017150044507485,"PTGES",9536,"prostaglandin E synthase "
"ENSG00000165349",4.41430324157936,1.55066874460526,0.891815449028927,0.00378415918020046,0.0234742866958955,"SLC7A3",84889,"solute carrier family 7 member 3 "
"ENSG00000229563",4.77943854089448,-2.36690710141465,1.22311756527813,0.00411157784379635,0.0250436441428102,"LINC01204",NA,"long intergenic non-protein coding RNA 1204 "
"ENSG00000028137",5.39663474192325,1.55474256245216,0.919803889274817,0.00476826093681448,0.0281614811973974,"TNFRSF1B",7133,"TNF receptor superfamily member 1B "
"ENSG00000233143",5.95514078509842,-2.14751036839039,1.2220417262213,0.0056699365847126,0.0322318016662491,"DIRC3-AS1",NA,"DIRC3 antisense RNA 1 "
"ENSG00000116032",5.44526682132075,1.6581023164025,1.05860379537314,0.00571868050306748,0.0324154455393063,"GRIN3B",116444,"glutamate ionotropic receptor NMDA type subunit 3B "
"ENSG00000182557",4.68041429268879,-1.68477423951751,1.26436132930639,0.00697004223882489,0.0378884963189051,"SPNS3",201305,"sphingolipid transporter 3 (putative) "
"ENSG00000185652",4.77853864288531,-1.93053657967427,1.55462850923883,0.00920923131594472,0.0468631045190413,"NTF3",4908,"neurotrophin 3 "
