"","dex.high3_Vs_dex.vehicle.high3.baseMean","dex.high3_Vs_dex.vehicle.high3.log2FoldChange","dex.high3_Vs_dex.vehicle.high3.lfcSE","dex.high3_Vs_dex.vehicle.high3.pvalue","dex.high3_Vs_dex.vehicle.high3.padj","dex.high3_Vs_dex.vehicle.high3.SYMBOL","dex.high3_Vs_dex.vehicle.high3.ENTREZID","dex.high3_Vs_dex.vehicle.high3.GENENAME"
"ENSG00000087303",196.283070173007,4.60743612605314,0.151955559444554,1.77817337193109e-202,3.08157445355657e-198,"NID2",22795,"nidogen 2 "
"ENSG00000141338",490.768532547055,3.27019257274504,0.115873346961566,1.4668993929976e-176,1.27106832403242e-172,"ABCA8",10351,"ATP binding cassette subfamily A member 8 "
"ENSG00000113389",2185.39430957572,1.57256532420695,0.0668441707191315,1.25354522741946e-123,7.24131293039309e-120,"NPR3",4883,"natriuretic peptide receptor 3 "
"ENSG00000128335",968.368442977282,2.02057814651336,0.0888268226206476,1.0357623362114e-115,4.4874403216359e-112,"APOL2",23780,"apolipoprotein L2 "
"ENSG00000103196",385.758636790309,3.33582713145794,0.151540760936275,3.89930824728241e-108,1.35150023850808e-104,"CRISPLD2",83716,"cysteine rich secretory protein LCCL domain containing 2 "
"ENSG00000157514",186.018375905686,3.97273127603239,0.188147771714968,4.61932371662716e-100,1.33421466681915e-96,"TSC22D3",1831,"TSC22 domain family member 3 "
"ENSG00000156265",1204.10882296195,-1.52368431671203,0.0775998449232832,5.32321165122769e-87,1.31787511308251e-83,"MAP3K7CL",56911,"MAP3K7 C-terminal like "
"ENSG00000109861",998.286821507282,-1.76369427827823,0.0912437092348639,5.42526133260762e-84,1.17524723617613e-80,"CTSC",1075,"cathepsin C "
"ENSG00000120708",1598.31390471605,-2.00522148021628,0.107622607081426,6.06619701629981e-79,1.16807993658306e-75,"TGFBI",7045,"transforming growth factor beta induced "
"ENSG00000117525",685.732414002843,-3.15027615483036,0.170037838198198,1.94682648370373e-77,3.37385029625857e-74,"F3",2152,"coagulation factor III, tissue factor "
"ENSG00000153531",87.7349364209794,5.1006882150208,0.277333853185177,6.43344749168548e-76,1.0135604093719e-72,"ADPRHL1",113622,"ADP-ribosylhydrolase like 1 "
"ENSG00000116260",3128.97625296676,-1.51436506588714,0.083991872899973,7.7670953833285e-74,1.12169802494236e-70,"QSOX1",5768,"quiescin sulfhydryl oxidase 1 "
"ENSG00000231924",553.559631039925,-3.06010048652591,0.169249864727355,9.86362480227112e-74,1.31489706017968e-70,"PSG1",5669,"pregnancy specific beta-1-glycoprotein 1 "
"ENSG00000120937",645.273836114208,-2.60170195161096,0.144883634326148,5.80247280736537e-73,7.18263241083156e-70,"NPPB",4879,"natriuretic peptide B "
"ENSG00000285972",137.84753061498,2.82345185164895,0.158595836403741,2.52287788087127e-72,2.91476491169994e-69,"CERNA2",NA,"competing endogenous lncRNA 2 for microRNA let-7b "
"ENSG00000130635",1436.68185113852,1.50288400827471,0.0850470442908338,4.06778391986109e-71,4.40591845819954e-68,"COL5A1",1289,"collagen type V alpha 1 chain "
"ENSG00000174136",696.462227026525,-1.75418364556188,0.0998878740714664,1.21113158173358e-70,1.23464178302605e-67,"RGMB",285704,"repulsive guidance molecule BMP co-receptor b "
"ENSG00000108854",2406.0061548768,-1.5633636116822,0.0917103440691004,3.14126932927299e-66,2.86516828822636e-63,"SMURF2",64750,"SMAD specific E3 ubiquitin protein ligase 2 "
"ENSG00000170961",307.00254586378,-3.43405986788051,0.201297363379628,3.86663856221968e-66,3.35044231416335e-63,"HAS2",3037,"hyaluronan synthase 2 "
"ENSG00000196159",276.968021826173,2.25177015841463,0.132580949461971,9.66373943914515e-66,7.61239111274479e-63,"FAT4",79633,"FAT atypical cadherin 4 "
"ENSG00000243137",489.243279954186,-1.95396465705397,0.124435624769008,7.38187583035008e-57,5.33032950583195e-54,"PSG4",5672,"pregnancy specific beta-1-glycoprotein 4 "
"ENSG00000166147",550.942108969533,2.01622331333551,0.131618927132166,3.96618409428999e-54,2.54570260570539e-51,"FBN1",2200,"fibrillin 1 "
"ENSG00000144057",400.25145517657,-2.15899854599628,0.143272480449806,2.04415393102757e-52,1.26518527231099e-49,"ST6GAL2",84620,"ST6 beta-galactoside alpha-2,6-sialyltransferase 2 "
"ENSG00000285417",75.9016465645538,2.99217599870208,0.198388978001592,2.29430576453053e-52,1.37104547928669e-49,"BX571818.1",NA,"novel pseudogene"
"ENSG00000134363",278.834967328559,-3.31348947683246,0.220543417795216,3.09442500710506e-52,1.78754617910436e-49,"FST",10468,"follistatin "
"ENSG00000183023",502.234293908484,-1.51609381833362,0.100918918023979,4.88156477349433e-52,2.72895217821473e-49,"SLC8A1",6546,"solute carrier family 8 member A1 "
"ENSG00000115461",222.009681729413,-3.20139212387486,0.22422699194481,3.91913935876467e-47,2.0581419723452e-44,"IGFBP5",3488,"insulin like growth factor binding protein 5 "
"ENSG00000049192",232.998417321215,-2.12486135327177,0.155590876171893,9.60391136433905e-44,4.4982644309188e-41,"ADAMTS6",11174,"ADAM metallopeptidase with thrombospondin type 1 motif 6 "
"ENSG00000169908",406.27714485245,-2.36434830093377,0.173044725764411,1.36383852952226e-43,6.21982150437386e-41,"TM4SF1",4071,"transmembrane 4 L six family member 1 "
"ENSG00000113578",362.925077478157,-1.82985070969655,0.134684808224475,2.52335809300548e-43,1.09324489379462e-40,"FGF1",2246,"fibroblast growth factor 1 "
"ENSG00000122641",395.171863380097,-1.68537356370318,0.126775456050527,1.16278208114594e-41,4.57977578778617e-39,"INHBA",3624,"inhibin subunit beta A "
"ENSG00000204941",329.870298610858,-1.66052325640852,0.126116738461269,7.67836453148657e-41,2.95702349623694e-38,"PSG5",5673,"pregnancy specific beta-1-glycoprotein 5 "
"ENSG00000171234",140.604058077462,1.89343454191499,0.147646157187301,1.04052658036578e-38,3.75673450786229e-36,"UGT2B7",7364,"UDP glucuronosyltransferase family 2 member B7 "
"ENSG00000139132",376.751034581357,1.76000378565445,0.141399041527821,8.26925117419662e-37,2.75588697786207e-34,"FGD4",121512,"FYVE, RhoGEF and PH domain containing 4 "
"ENSG00000185483",79.9985134608612,2.24533023950194,0.181476342434188,2.09965767450953e-36,6.6158304544091e-34,"ROR1",4919,"receptor tyrosine kinase like orphan receptor 1 "
"ENSG00000128512",229.254316948334,-2.00063349639089,0.162687703940827,6.28253484867216e-36,1.91011103381559e-33,"DOCK4",9732,"dedicator of cytokinesis 4 "
"ENSG00000204767",269.898060748262,-2.04304128435683,0.167100927729901,7.33877787233646e-36,2.19277621599295e-33,"INSYN2B",100131897,"inhibitory synaptic factor family member 2B "
"ENSG00000135919",180.831573095432,-1.78750031582262,0.146812322206704,3.23044027941325e-35,9.17762787577568e-33,"SERPINE2",5270,"serpin family E member 2 "
"ENSG00000182261",160.700904959229,-2.57223590812022,0.210987219525087,3.80668666353538e-35,1.06403032063013e-32,"NLRP10",338322,"NLR family pyrin domain containing 10 "
"ENSG00000115468",118.119204730762,1.90335469942174,0.160459574538246,7.63734264379365e-34,1.9181905509702e-31,"EFHD1",80303,"EF-hand domain family member D1 "
"ENSG00000135899",132.80122379649,1.69779353943479,0.148419909301606,1.19532344034482e-31,2.70178486082618e-29,"SP110",3431,"SP110 nuclear body protein "
"ENSG00000178031",179.227886107836,-2.07429664530716,0.179744991830069,1.20044682217897e-31,2.70178486082618e-29,"ADAMTSL1",92949,"ADAMTS like 1 "
"ENSG00000011422",259.251985106556,-1.70693316393852,0.148896908824858,1.52942343291435e-31,3.398065140052e-29,"PLAUR",5329,"plasminogen activator, urokinase receptor "
"ENSG00000161896",38.2807039802021,2.88745832771168,0.25195793401094,2.26255560644448e-31,4.96330236198518e-29,"IP6K3",117283,"inositol hexakisphosphate kinase 3 "
"ENSG00000100906",198.712355101922,1.51484958701018,0.13379339436153,5.93315144460865e-31,1.28526893168835e-28,"NFKBIA",4792,"NFKB inhibitor alpha "
"ENSG00000013297",173.372110812407,-1.56825153438092,0.140500543359663,2.74373587316095e-30,5.79865154657063e-28,"CLDN11",5010,"claudin 11 "
"ENSG00000133107",148.624659198307,-1.77655840393302,0.159816031353963,5.11090384493221e-30,1.04202310156088e-27,"TRPC4",7223,"transient receptor potential cation channel subfamily C member 4 "
"ENSG00000152377",157.317582208018,-1.75448022883856,0.161149107800389,1.2414074504787e-28,2.33843381704304e-26,"SPOCK1",6695,"SPARC (osteonectin), cwcv and kazal like domains proteoglycan 1 "
"ENSG00000154175",147.682915084413,-2.24937667387237,0.2097704506061,4.02433555361e-28,7.34123527832224e-26,"ABI3BP",25890,"ABI family member 3 binding protein "
"ENSG00000013588",1372.12220134662,-1.50889294921477,0.140766623426457,4.60651592291258e-28,8.31572093167448e-26,"GPRC5A",9052,"G protein-coupled receptor class C group 5 member A "
"ENSG00000170498",492.117286581105,-1.63591103803882,0.15295965488399,9.94420383784628e-28,1.75850053581506e-25,"KISS1",3814,"KiSS-1 metastasis suppressor "
"ENSG00000128510",1105.3374870752,-1.95122784042189,0.184943345853323,3.20238305839325e-27,5.33627869249567e-25,"CPA4",51200,"carboxypeptidase A4 "
"ENSG00000179094",198.49366217244,2.36018791309387,0.224539665160095,4.34340537763317e-27,7.1686871613698e-25,"PER1",5187,"period circadian regulator 1 "
"ENSG00000152779",53.0084732915929,2.22006460718608,0.211839618286466,7.90774976437542e-27,1.26890095756135e-24,"SLC16A12",387700,"solute carrier family 16 member 12 "
"ENSG00000120899",55.7422205827817,2.08319444784207,0.199839687732818,1.11450309884715e-26,1.75584897300192e-24,"PTK2B",2185,"protein tyrosine kinase 2 beta "
"ENSG00000115363",136.966606731524,-1.85439468796202,0.178285207479871,2.53388566279832e-26,3.7531827808799e-24,"EVA1A",84141,"eva-1 homolog A, regulator of programmed cell death "
"ENSG00000148600",70.9679325180367,2.00994491625077,0.199586310356242,4.69275530439657e-25,6.5060359540154e-23,"CDHR1",92211,"cadherin related family member 1 "
"ENSG00000242221",126.404597819693,-2.16293734732305,0.21790460401054,1.99058879014731e-24,2.65360797948099e-22,"PSG2",5670,"pregnancy specific beta-1-glycoprotein 2 "
"ENSG00000109846",94.2347684901743,1.97948400538099,0.202820638226127,1.06829245127353e-23,1.34155856380944e-21,"CRYAB",1410,"crystallin alpha B "
"ENSG00000144891",102.440369828862,-2.0171911070276,0.206031400883521,1.338535605958e-23,1.66883611879512e-21,"AGTR1",185,"angiotensin II receptor type 1 "
"ENSG00000212724",140.648072309311,-2.98069442916388,0.307971316659069,1.78899938106281e-23,2.21452566241561e-21,"KRTAP2-3",730755,"keratin associated protein 2-3 "
"ENSG00000131773",164.977540656421,-1.5441698323321,0.159990435313052,2.96015276144767e-23,3.6126371377386e-21,"KHDRBS3",10656,"KH RNA binding domain containing, signal transduction associated 3 "
"ENSG00000114270",452.455706146089,1.57708791563082,0.164611347367938,5.72015907081809e-23,6.83657632395017e-21,"COL7A1",1294,"collagen type VII alpha 1 chain "
"ENSG00000119138",76.2641005993036,1.75027231489528,0.184202004418151,1.04991903375679e-22,1.23776169081668e-20,"KLF9",687,"Kruppel like factor 9 "
"ENSG00000131737",77.3769790141445,-2.61526771536842,0.27480639739024,1.18586138471601e-22,1.37632739593562e-20,"KRT34",3885,"keratin 34 "
"ENSG00000134668",112.58554530204,-1.82750531998953,0.194927024289421,4.51207096578617e-22,5.01244806647912e-20,"SPOCD1",90853,"SPOC domain containing 1 "
"ENSG00000149948",155.667776418432,-1.85804738911362,0.200226252653031,5.52498378913393e-22,6.09859675577649e-20,"HMGA2",8091,"high mobility group AT-hook 2 "
"ENSG00000169432",97.0822291233367,-1.88947310063867,0.203433474753885,1.38202262320335e-21,1.43415880599485e-19,"SCN9A",6335,"sodium voltage-gated channel alpha subunit 9 "
"ENSG00000127129",26.0525966384843,3.12191218509002,0.339702557539888,2.00968810978552e-21,2.07308898467756e-19,"EDN2",1907,"endothelin 2 "
"ENSG00000102452",90.6434987271238,1.56552799346524,0.172753533095394,3.45091289091662e-21,3.49732867833831e-19,"NALCN",259232,"sodium leak channel, non-selective "
"ENSG00000130702",108.140939575234,1.72270679702311,0.18986371711931,7.53544159258537e-21,7.5485088323413e-19,"LAMA5",3911,"laminin subunit alpha 5 "
"ENSG00000095752",339.13257540368,-2.21718339400597,0.245329835206937,1.23619260761694e-20,1.21722828920464e-18,"IL11",3589,"interleukin 11 "
"ENSG00000183018",157.287041806358,-1.95794394967217,0.22392424907477,1.80529821881614e-19,1.68203323290773e-17,"SPNS2",124976,"sphingolipid transporter 2 "
"ENSG00000109819",15.6293175848136,4.41908942472651,0.513492104941101,8.41421919081473e-19,7.43971523351119e-17,"PPARGC1A",10891,"PPARG coactivator 1 alpha "
"ENSG00000260604",55.3183705900305,1.80706875007182,0.211503721034695,1.25264097793044e-18,1.09637717916841e-16,"AL590004.3",NA,"novel transcript"
"ENSG00000119922",44.6463613644519,2.23729862351056,0.262877240314136,1.37001304029392e-18,1.19308170795446e-16,"IFIT2",3433,"interferon induced protein with tetratricopeptide repeats 2 "
"ENSG00000276850",44.0143946606192,1.93916123157184,0.227809704610635,1.4307237125155e-18,1.23497041050654e-16,"AC245041.2",NA,"novel transcript"
"ENSG00000204531",38.6998038524244,2.63878281836949,0.312525298304785,1.43236614259559e-18,1.23497041050654e-16,"POU5F1",5460,"POU class 5 homeobox 1 "
"ENSG00000166033",32.9668061177538,2.34754109498527,0.278653023850501,3.23089729923949e-18,2.70490097564349e-16,"HTRA1",5654,"HtrA serine peptidase 1 "
"ENSG00000168874",15.7405976689221,3.58384060837155,0.427783856730526,5.6077908386699e-18,4.49921366824766e-16,"ATOH8",84913,"atonal bHLH transcription factor 8 "
"ENSG00000111319",16.2757980063134,5.36852690162405,0.625617951140387,7.12797515898158e-18,5.67791242798445e-16,"SCNN1A",6337,"sodium channel epithelial 1 subunit alpha "
"ENSG00000164220",80.8696055312122,-1.87364757333067,0.227126107097608,1.47419479984457e-17,1.1456410709106e-15,"F2RL2",2151,"coagulation factor II thrombin receptor like 2 "
"ENSG00000265190",51.0738328351809,1.85275747865354,0.227815259555662,2.73120105785522e-17,2.06688708876118e-15,"ANXA8",653145,"annexin A8 "
"ENSG00000079215",45.1551267048568,1.97082016739808,0.242240572545009,3.29806884156249e-17,2.48502317496861e-15,"SLC1A3",6507,"solute carrier family 1 member 3 "
"ENSG00000138675",928.963335394363,-1.80398639613063,0.223313548757852,3.75511479777422e-17,2.80500601057876e-15,"FGF5",2250,"fibroblast growth factor 5 "
"ENSG00000280739",18.5981420922312,2.84353170424065,0.354145593559376,8.05121463997437e-17,5.91218430977779e-15,"EIF1B-AS1",NA,"EIF1B antisense RNA 1 "
"ENSG00000175040",55.9418354480688,1.92123851580135,0.240771484161587,1.01745896480228e-16,7.37764178243659e-15,"CHST2",9435,"carbohydrate sulfotransferase 2 "
"ENSG00000100342",24.871385404585,2.63748518707722,0.332118526176827,1.15905804683638e-16,8.34932247824746e-15,"APOL1",8542,"apolipoprotein L1 "
"ENSG00000117152",54.1951252863676,-3.27392032072603,0.402831467894088,1.16110024077186e-16,8.34932247824746e-15,"RGS4",5999,"regulator of G protein signaling 4 "
"ENSG00000170153",31.6964260526497,2.15866928753692,0.272356445958669,1.26518950594224e-16,9.02293585925059e-15,"RNF150",57484,"ring finger protein 150 "
"ENSG00000146038",74.7205007763898,-3.55895136620661,0.442716513024203,1.91853788567577e-16,1.35155534791712e-14,"DCDC2",51473,"doublecortin domain containing 2 "
"ENSG00000163814",113.352570970178,-1.54913366325515,0.196251762610858,2.17201517850114e-16,1.52392805843825e-14,"CDCP1",64866,"CUB domain containing protein 1 "
"ENSG00000139508",29.3755929208729,2.17822916311201,0.276365686421673,2.47836155899446e-16,1.73185507328121e-14,"SLC46A3",283537,"solute carrier family 46 member 3 "
"ENSG00000225383",61.7762865259591,-2.1870535974562,0.277715462921247,3.50160188490857e-16,2.39852808954409e-14,"SFTA1P",NA,"surfactant associated 1, lncRNA "
"ENSG00000134259",75.2358596026579,-1.99619540544386,0.253099569609032,3.61174223597518e-16,2.46423200588385e-14,"NGF",4803,"nerve growth factor "
"ENSG00000156463",78.1460997399753,-2.01100122934933,0.257617263610371,4.30228324456983e-16,2.91244408704668e-14,"SH3RF2",153769,"SH3 domain containing ring finger 2 "
"ENSG00000243130",59.6608327757471,-2.52172513983255,0.325469933580406,5.41752621276387e-16,3.61098958719992e-14,"PSG11",5680,"pregnancy specific beta-1-glycoprotein 11 "
"ENSG00000141052",91.433917441541,-1.87332828789943,0.241101424018636,5.54116904806115e-16,3.6792513257816e-14,"MYOCD",93649,"myocardin "
"ENSG00000133106",27.3405250790241,2.14185058208863,0.275501109374359,5.84494504082937e-16,3.84573589104249e-14,"EPSTI1",94240,"epithelial stromal interaction 1 "
"ENSG00000164619",65.1286664881007,-2.12908149033993,0.272932077255096,5.85847821832208e-16,3.84573589104249e-14,"BMPER",168667,"BMP binding endothelial regulator "
"ENSG00000136869",71.7884867913782,1.68160380456343,0.216773293381159,7.39095857591034e-16,4.83340800454816e-14,"TLR4",7099,"toll like receptor 4 "
"ENSG00000125384",58.3832327998409,1.64522259485186,0.216898834885612,8.05274278493683e-16,5.24639219785546e-14,"PTGER2",5732,"prostaglandin E receptor 2 "
"ENSG00000249992",45.2420902950263,-2.61253794461192,0.336685049167942,9.37162631184186e-16,6.08278217169361e-14,"TMEM158",25907,"transmembrane protein 158 (gene/pseudogene) "
"ENSG00000129514",64.741807713703,-1.83847323286984,0.248153851085559,1.09449850143511e-14,6.45158470403754e-13,"FOXA1",3169,"forkhead box A1 "
"ENSG00000171522",41.0969984640646,1.91130172877178,0.258948655183671,1.16391143173856e-14,6.83748647865399e-13,"PTGER4",5734,"prostaglandin E receptor 4 "
"ENSG00000205683",84.2136597193408,-1.568194668162,0.215355083922023,2.54769441865525e-14,1.41511359856716e-12,"DPF3",8110,"double PHD fingers 3 "
"ENSG00000167772",12.3096409118032,4.03304917215514,0.541148047523621,3.08628646414304e-14,1.70335491794901e-12,"ANGPTL4",51129,"angiopoietin like 4 "
"ENSG00000166689",49.0049853766376,1.61130326346212,0.225792366700632,7.25204161759913e-14,3.80842064342403e-12,"PLEKHA7",144100,"pleckstrin homology domain containing A7 "
"ENSG00000277758",33.0987305004611,1.94077609031894,0.276233022784503,1.19023133281937e-13,6.04888826913775e-12,"FO681492.1",102724488,"synaptotagmin-15 "
"ENSG00000176399",24.5761427387257,2.26209585344732,0.322303924805695,2.22107285437521e-13,1.10925626992284e-11,"DMRTA1",63951,"DMRT like family A1 "
"ENSG00000258667",91.4635704616961,-1.52988257485343,0.223367458383577,3.75485287552248e-13,1.83300282627618e-11,"HIF1A-AS3",NA,"HIF1A antisense RNA 3 "
"ENSG00000231187",43.1452846702059,1.50358463469692,0.22100671176301,7.46440224314506e-13,3.50563931907057e-11,"AL356056.2",NA,"novel transcript"
"ENSG00000197467",36.3692107275746,-2.23735591636053,0.336762490064477,2.61410591452324e-12,1.15863057541401e-10,"COL13A1",1305,"collagen type XIII alpha 1 chain "
"ENSG00000103647",22.8323843459969,2.22420309948063,0.340088735644179,3.70871093847763e-12,1.59483773111209e-10,"CORO2B",10391,"coronin 2B "
"ENSG00000166106",46.6020104149766,1.70864776751863,0.261606141194,4.84730468326023e-12,2.0339900765351e-10,"ADAMTS15",170689,"ADAM metallopeptidase with thrombospondin type 1 motif 15 "
"ENSG00000127124",60.4094611493021,1.91479287152281,0.295204413968278,4.87746604802414e-12,2.04170257517532e-10,"HIVEP3",59269,"HIVEP zinc finger 3 "
"ENSG00000081052",20.0740553378874,2.14542765604821,0.331010357068394,6.53697088649211e-12,2.69727870149782e-10,"COL4A4",1286,"collagen type IV alpha 4 chain "
"ENSG00000134516",48.1766929548583,-1.75872405081432,0.272646776614566,8.66017064666518e-12,3.50655975015672e-10,"DOCK2",1794,"dedicator of cytokinesis 2 "
"ENSG00000221869",23.6902950074427,2.05750072603058,0.320515660197217,1.06803766691338e-11,4.31447383860348e-10,"CEBPD",1052,"CCAAT enhancer binding protein delta "
"ENSG00000011465",9.27410712150492,3.95349886402081,0.600968439156241,1.44211404999683e-11,5.70589874119749e-10,"DCN",1634,"decorin "
"ENSG00000142623",50.3460898944716,-1.63560348388023,0.259690536296638,2.92081620986825e-11,1.11492830213693e-09,"PADI1",29943,"peptidyl arginine deiminase 1 "
"ENSG00000204528",25.1935208464805,1.99314324087251,0.322550470648238,3.94784734919448e-11,1.48408231153016e-09,"PSORS1C3",NA,"psoriasis susceptibility 1 candidate 3 "
"ENSG00000138316",9.58002465665442,3.36670007855106,0.53661608893676,4.59295869784937e-11,1.72285658514566e-09,"ADAMTS14",140766,"ADAM metallopeptidase with thrombospondin type 1 motif 14 "
"ENSG00000244128",44.6488826959173,-1.71647571370248,0.281046020047653,6.25605965859852e-11,2.31661354451949e-09,"LINC01322",NA,"long intergenic non-protein coding RNA 1322 "
"ENSG00000139209",9.29311474550668,3.45657047028137,0.554280397063866,6.93052247426137e-11,2.54461767963876e-09,"SLC38A4",55089,"solute carrier family 38 member 4 "
"ENSG00000170848",29.0995763348997,-3.11503156901451,0.504069121082257,1.20964592783764e-10,4.30455111487192e-09,"PSG6",5675,"pregnancy specific beta-1-glycoprotein 6 "
"ENSG00000275216",22.1298268109918,2.18877038163181,0.366080333760922,1.40932883803888e-10,4.95409102702104e-09,"AL161431.1",NA,"novel transcript"
"ENSG00000158234",37.8800260015242,1.55844296723042,0.260825704140578,1.49021127173871e-10,5.20672607645803e-09,"FAIM",55179,"Fas apoptotic inhibitory molecule "
"ENSG00000204176",33.9998622330351,1.60604521038222,0.270021984942278,1.56040968897463e-10,5.41921841882371e-09,"SYT15",83849,"synaptotagmin 15 "
"ENSG00000124467",26.0289383270591,-2.94426768678462,0.490006579765076,3.94403081551193e-10,1.31190122903689e-08,"PSG8",440533,"pregnancy specific beta-1-glycoprotein 8 "
"ENSG00000082126",28.7576521170841,-5.05652850802612,0.813570961250954,6.34807215804445e-10,2.05630075698898e-08,"MPP4",58538,"membrane palmitoylated protein 4 "
"ENSG00000115041",43.3646350610279,1.56848502008693,0.273989968571135,6.52829777606462e-10,2.11073508319403e-08,"KCNIP3",30818,"potassium voltage-gated channel interacting protein 3 "
"ENSG00000008517",29.7272259018657,1.84833630458209,0.324623120742336,9.23151426777036e-10,2.92471923693712e-08,"IL32",9235,"interleukin 32 "
"ENSG00000053747",16.5962230832315,2.14321654300602,0.380038300480937,1.16694040150923e-09,3.62420737601344e-08,"LAMA3",3909,"laminin subunit alpha 3 "
"ENSG00000126562",57.5805249527353,-1.50970731595143,0.270289071745041,1.30451509324927e-09,4.01549672575663e-08,"WNK4",65266,"WNK lysine deficient protein kinase 4 "
"ENSG00000183668",45.1865833489425,-1.65178172654288,0.297075238318556,1.8928978291825e-09,5.72494230012788e-08,"PSG9",5678,"pregnancy specific beta-1-glycoprotein 9 "
"ENSG00000213949",19.0290400043144,1.96073046432788,0.359763136880416,3.39943348339545e-09,9.93460071960254e-08,"ITGA1",3672,"integrin subunit alpha 1 "
"ENSG00000273760",22.1864065637266,1.89764833651206,0.350959168552084,3.90414077039945e-09,1.13141738379636e-07,"AC245041.1",NA,"novel transcript"
"ENSG00000125730",10.8424536387611,2.73343605680028,0.51986922564784,1.46021567161305e-08,3.89315962908527e-07,"C3",718,"complement C3 "
"ENSG00000163283",7.89384335261786,3.20442821671304,0.609140135777608,1.63996406395945e-08,4.3589842374873e-07,"ALPP",250,"alkaline phosphatase, placental "
"ENSG00000249867",37.6285887500731,-1.61355996113539,0.317266115478091,2.3465033514518e-08,6.08756034141612e-07,"LINC02742",NA,"long intergenic non-protein coding RNA 2742 "
"ENSG00000263961",7.67619339214649,2.8138198738966,0.545462993907934,2.69777807885235e-08,6.92703851865991e-07,"RHEX",440712,"regulator of hemoglobinization and erythroid cell expansion "
"ENSG00000187957",28.8153949862245,-1.8865298934261,0.371001374064683,2.75371319818281e-08,7.05944522551896e-07,"DNER",92737,"delta/notch like EGF repeat containing "
"ENSG00000172927",23.53228921395,-2.35453101817804,0.46155481557921,5.15394547062893e-08,1.25095063033613e-06,"MYEOV",26579,"myeloma overexpressed "
"ENSG00000264230",27.3874442205899,1.5953222384702,0.324430902428498,5.41877062306457e-08,1.31155439801269e-06,"ANXA8L1",728113,"annexin A8 like 1 "
"ENSG00000225614",16.1140790271395,2.15588576208023,0.437487327686617,5.57131207546015e-08,1.34284893279172e-06,"ZNF469",84627,"zinc finger protein 469 "
"ENSG00000269927",7.55402774719254,3.26051194534473,0.650021136402836,7.23853378472516e-08,1.70671823794948e-06,"AC004817.3",NA,"novel transcript"
"ENSG00000106034",27.0781029262007,-1.90911593514411,0.391025850593246,7.79198446090984e-08,1.81987992867342e-06,"CPED1",79974,"cadherin like and PC-esterase domain containing 1 "
"ENSG00000169429",27.8721466819883,2.51834408056019,0.525924011551085,9.46475987467942e-08,2.17250713414827e-06,"CXCL8",3576,"C-X-C motif chemokine ligand 8 "
"ENSG00000221878",17.299247026975,-3.05452793595941,0.615051912365426,9.76583738614502e-08,2.23740794692905e-06,"PSG7",5676,"pregnancy specific beta-1-glycoprotein 7 (gene/pseudogene) "
"ENSG00000213958",24.6229608423458,-1.75918549439053,0.362969855796685,1.1901489922914e-07,2.66132671437547e-06,"KRT18P29",NA,"keratin 18 pseudogene 29 "
"ENSG00000140092",12.6503462221081,2.18856268727811,0.464559125000585,1.47556881075738e-07,3.26024710634949e-06,"FBLN5",10516,"fibulin 5 "
"ENSG00000234685",6.26495582652007,2.79644550469947,0.595937969463067,2.03298419997682e-07,4.3442190117877e-06,"NUS1P2",NA,"NUS1 pseudogene 2 "
"ENSG00000163815",12.7065942845794,1.94632152736438,0.422359769951369,2.31247122286675e-07,4.89915969343285e-06,"CLEC3B",7123,"C-type lectin domain family 3 member B "
"ENSG00000029534",25.6561577951484,1.52397730622099,0.330485929396304,2.45254331337482e-07,5.14559026886024e-06,"ANK1",286,"ankyrin 1 "
"ENSG00000113361",21.7405145506887,-1.97800106095625,0.422478084610767,2.64025156848025e-07,5.46009065414829e-06,"CDH6",1004,"cadherin 6 "
"ENSG00000171219",11.2974893598854,2.26321829155521,0.499057641546563,2.64368077182176e-07,5.46066600425162e-06,"CDC42BPG",55561,"CDC42 binding protein kinase gamma "
"ENSG00000138347",28.3069671343248,-1.82670026396379,0.395206256694581,3.32051170840898e-07,6.72248456854294e-06,"MYPN",84665,"myopalladin "
"ENSG00000137491",5.43934953768664,3.30364870552202,0.708169916995779,4.7273343270565e-07,9.30962544180558e-06,"SLCO2B1",11309,"solute carrier organic anion transporter family member 2B1 "
"ENSG00000180447",14.5544949656495,1.80901083587993,0.414743586055041,7.55501904036685e-07,1.421281087306e-05,"GAS1",2619,"growth arrest specific 1 "
"ENSG00000188064",54.5620435744267,-1.50655319914325,0.342940452908377,7.82641498125395e-07,1.4678763162893e-05,"WNT7B",7477,"Wnt family member 7B "
"ENSG00000168918",16.9083184795392,1.67751985135564,0.387628331383012,7.87534362330418e-07,1.47356656307738e-05,"INPP5D",3635,"inositol polyphosphate-5-phosphatase D "
"ENSG00000240476",20.1637498301933,-2.12776479944928,0.485203642127048,1.00626915132483e-06,1.82603606203763e-05,"LINC00973",NA,"long intergenic non-protein coding RNA 973 "
"ENSG00000221955",7.44420847840864,2.2436900030351,0.516969228533343,1.01558378725052e-06,1.83716774875276e-05,"SLC12A8",84561,"solute carrier family 12 member 8 "
"ENSG00000264301",17.5311368624771,-2.41497886443553,0.542009382498019,1.05226783829275e-06,1.89758601848214e-05,"LINC01444",NA,"long intergenic non-protein coding RNA 1444 "
"ENSG00000000971",8.50525399547184,2.4651037648872,0.594492169996443,1.42969578825554e-06,2.5102966575956e-05,"CFH",3075,"complement factor H "
"ENSG00000204792",28.6758852343088,-1.56696726178342,0.371613017705806,1.82874678486802e-06,3.11930923048847e-05,"LINC01291",NA,"long intergenic non-protein coding RNA 1291 "
"ENSG00000162496",12.6880803204286,1.84184444233079,0.443560324604612,1.87327591334215e-06,3.18585589580172e-05,"DHRS3",9249,"dehydrogenase/reductase 3 "
"ENSG00000173432",4.16902694537574,4.84646211021153,1.0688074384873,2.00025320673235e-06,3.3654745701623e-05,"SAA1",6288,"serum amyloid A1 "
"ENSG00000275888",17.4872523857721,2.09040902083184,0.513751131195579,2.41508423704172e-06,4.01279097103863e-05,"AC132872.3",NA,"novel transcript, antisense to CSNK1D"
"ENSG00000143127",7.68374672967499,2.5811480781529,0.619782534938213,2.72714783873088e-06,4.47551818609907e-05,"ITGA10",8515,"integrin subunit alpha 10 "
"ENSG00000171408",7.72688393823926,2.53203249755666,0.613239620955145,2.85945545252448e-06,4.66613587497639e-05,"PDE7B",27115,"phosphodiesterase 7B "
"ENSG00000221826",21.2052369324672,-1.90316034737641,0.456987161428786,2.92308630638185e-06,4.75653386756783e-05,"PSG3",5671,"pregnancy specific beta-1-glycoprotein 3 "
"ENSG00000196562",18.8270022047868,1.51112421422576,0.37008209964178,2.96998440446869e-06,4.82378910304053e-05,"SULF2",55959,"sulfatase 2 "
"ENSG00000077616",8.622309087212,2.01811086176063,0.507013785573761,3.72668990737442e-06,5.8926584028101e-05,"NAALAD2",10003,"N-acetylated alpha-linked acidic dipeptidase 2 "
"ENSG00000112297",8.00376998230696,2.92876361141271,0.707932253040285,3.99700458518258e-06,6.27997184598496e-05,"CRYBG1",202,"crystallin beta-gamma domain containing 1 "
"ENSG00000166396",20.7678058081069,-1.76756880778269,0.444548891789889,6.16507293295079e-06,9.22631381071133e-05,"SERPINB7",8710,"serpin family B member 7 "
"ENSG00000182667",13.7509258316041,-3.67429399301307,0.853877436808185,6.64254593737827e-06,9.85576379236005e-05,"NTM",50863,"neurotrimin "
"ENSG00000119686",14.3738974829913,1.57745692319471,0.421183949581864,1.19939640642062e-05,0.000167086332180622,"FLVCR2",55640,"FLVCR heme transporter 2 "
"ENSG00000115718",3.52815804617197,3.29393715774036,0.877972900587077,1.50083934632806e-05,0.000203040951380682,"PROC",5624,"protein C, inactivator of coagulation factors Va and VIIIa "
"ENSG00000262074",6813.40492472138,-1.91053938358625,0.537783526901283,1.53843155793099e-05,0.000207317409789612,"SNORD3B-2",NA,"small nucleolar RNA, C/D box 3B-2 "
"ENSG00000265185",6810.23687798983,-1.90225330345294,0.537747250592666,1.62878602466393e-05,0.000217968044844988,"SNORD3B-1",NA,"small nucleolar RNA, C/D box 3B-1 "
"ENSG00000091129",10.4556792396776,1.66712032000378,0.464755635242694,1.74064216188262e-05,0.000231329207556947,"NRCAM",4897,"neuronal cell adhesion molecule "
"ENSG00000280143",9.16740741030498,1.9287407358471,0.534747246090222,1.81572335518019e-05,0.000240385681782068,"AP000892.4",NA,"novel transcript"
"ENSG00000169583",11.8624008455057,1.53798067465434,0.432737924959556,2.28555267511882e-05,0.000294926491882422,"CLIC3",9022,"chloride intracellular channel 3 "
"ENSG00000143217",10.6138952166226,1.80706697105406,0.511726266453866,2.41609717811554e-05,0.000309925715001794,"NECTIN4",81607,"nectin cell adhesion molecule 4 "
"ENSG00000168427",12.9644506419752,1.55379221818723,0.457251206519101,3.79426198831819e-05,0.000458859457484678,"KLHL30",377007,"kelch like family member 30 "
"ENSG00000243566",4.89842914380344,2.54974286488265,0.749553473473445,4.41165369551889e-05,0.000526542414210347,"UPK3B",105375355,"uroplakin 3B "
"ENSG00000163751",10.9750120303309,-2.2429537092348,0.655440302193621,5.51942446998064e-05,0.000637252671983775,"CPA3",1359,"carboxypeptidase A3 "
"ENSG00000263934",24552.062384157,-1.74024104166158,0.553684552644219,6.5146202559124e-05,0.000735891074657208,"SNORD3A",NA,"small nucleolar RNA, C/D box 3A "
"ENSG00000099994",5.36590138146341,2.13861839530258,0.662784663315948,6.88273975852571e-05,0.000772025113367317,"SUSD2",56241,"sushi domain containing 2 "
"ENSG00000042286",11.3097408461733,1.67904491584526,0.51395818681577,6.94137775865752e-05,0.000777595840708047,"AIFM2",84883,"apoptosis inducing factor mitochondria associated 2 "
"ENSG00000100033",5.99911983906335,2.14761356273576,0.657491605737913,7.79526390765041e-05,0.000860458111589692,"PRODH",5625,"proline dehydrogenase 1 "
"ENSG00000203804",11.430687183705,1.85296909009167,0.585631365888765,8.09973653657379e-05,0.000891228153516341,"ADAMTSL4-AS1",NA,"ADAMTSL4 antisense RNA 1 "
"ENSG00000162267",9.72374859085603,1.61020947653263,0.501297442901238,8.35776287771899e-05,0.00091324105088821,"ITIH3",3699,"inter-alpha-trypsin inhibitor heavy chain 3 "
"ENSG00000163898",9.15632339354156,1.80169499205266,0.56943983443337,8.73753948858481e-05,0.00094875663745097,"LIPH",200879,"lipase H "
"ENSG00000176597",8.90546301217431,1.88439303005987,0.596022981110636,9.10084398229551e-05,0.000983890369389777,"B3GNT5",84002,"UDP-GlcNAc:betaGal beta-1,3-N-acetylglucosaminyltransferase 5 "
"ENSG00000272512",31.8915560469037,1.69946211171839,0.55484575798502,0.000103001803062196,0.00109915101420435,"AL645608.7",NA,"novel transcript"
"ENSG00000120738",1005.31606853405,1.63550383786619,0.547324795636582,0.000118613989413643,0.00124731822605487,"EGR1",1958,"early growth response 1 "
"ENSG00000164761",16.7730728552088,-2.05660064558757,0.662612115814109,0.0001434030291512,0.00147051745277532,"TNFRSF11B",4982,"TNF receptor superfamily member 11b "
"ENSG00000234737",14.287005117613,-1.67920686605686,0.556129794223487,0.000149189955281125,0.00152175510595756,"KRT18P15",NA,"keratin 18 pseudogene 15 "
"ENSG00000187796",5.77647672036641,2.18274294329055,0.728598825656363,0.000171021396166281,0.00171317965061367,"CARD9",64170,"caspase recruitment domain family member 9 "
"ENSG00000264940",9977.94870318013,-1.55889966003158,0.548514958907372,0.00017518470156135,0.00174512579949588,"SNORD3C",NA,"small nucleolar RNA, C/D box 3C "
"ENSG00000179388",5.38267968382413,2.83463188342674,0.93668844332963,0.000204413156710439,0.0019812527996599,"EGR3",1960,"early growth response 3 "
"ENSG00000212993",5.19802577976933,2.3610117686156,0.794265110352268,0.00020465489942807,0.00198248709172077,"POU5F1B",5462,"POU class 5 homeobox 1B "
"ENSG00000122877",3.60739826541858,3.56380037238497,1.17908349253374,0.000239532878511082,0.00226588689115559,"EGR2",1959,"early growth response 2 "
"ENSG00000244945",4.31613180842852,2.46189036234804,0.86716552006394,0.000300682607508416,0.00275705269212743,"AC136604.2",NA,"novel transcript"
"ENSG00000146192",11.3287728973612,-1.72947377120259,0.606892696978512,0.000341001310950583,0.00308431770290898,"FGD2",221472,"FYVE, RhoGEF and PH domain containing 2 "
"ENSG00000170485",8.68931388372444,1.54909892421178,0.584048091861473,0.000357820469724437,0.00321763915731738,"NPAS2",4862,"neuronal PAS domain protein 2 "
"ENSG00000169994",13.6430327134233,-1.57393805569781,0.567817736856724,0.000407085091926635,0.00360674061507597,"MYO7B",4648,"myosin VIIB "
"ENSG00000173531",7.67699228151038,1.54692977215118,0.591219292410126,0.000439012797031942,0.00382893395700229,"MST1",4485,"macrophage stimulating 1 "
"ENSG00000253958",3.55443089433274,2.500652237335,0.912039976134502,0.000461048128350406,0.00398899853435474,"CLDN23",137075,"claudin 23 "
"ENSG00000185432",4.47283023460748,2.00322520076175,0.771493078110741,0.000504517965936219,0.00429646012269026,"METTL7A",25840,"methyltransferase like 7A "
"ENSG00000180613",4.6615749899628,2.12564350055022,0.825421458525236,0.000525704075822974,0.00444846271191999,"GSX2",170825,"GS homeobox 2 "
"ENSG00000099260",7.58076874207145,-2.33388679310278,0.843139043457615,0.000530216742309449,0.00447790260439705,"PALMD",54873,"palmdelphin "
"ENSG00000165349",4.41430324157936,1.87324472502945,0.736129205812803,0.000565484955563391,0.00473422912073119,"SLC7A3",84889,"solute carrier family 7 member 3 "
"ENSG00000069431",8.80034554981782,-1.7858246507453,0.685923798873699,0.000571582105950464,0.0047668517305686,"ABCC9",10060,"ATP binding cassette subfamily C member 9 "
"ENSG00000100767",5.57456199019135,1.68945724372758,0.681561829387459,0.000603940486490463,0.00498394696708559,"PAPLN",89932,"papilin, proteoglycan like sulfated glycoprotein "
"ENSG00000103723",5.00784047275179,1.93243366815854,0.79901844606145,0.00074297516569798,0.00590631175300275,"AP3B2",8120,"adaptor related protein complex 3 subunit beta 2 "
"ENSG00000175356",5.73727580075842,2.18123171507598,0.887022235722863,0.000775972272991531,0.0061097680558579,"SCUBE2",57758,"signal peptide, CUB domain and EGF like domain containing 2 "
"ENSG00000230309",4.40300541376648,-3.84190187184962,2.30384761020629,0.000886010711779116,0.00685633950521529,"AL121718.1",NA,"novel transcript"
"ENSG00000187726",4.82179268186659,1.75132821853404,0.761594849102304,0.000942810489294383,0.00722960432719985,"DNAJB13",374407,"DnaJ heat shock protein family (Hsp40) member B13 "
"ENSG00000243955",8.46925266004028,-1.74087695514653,0.73944210829722,0.00104729507504762,0.00788771127795534,"GSTA1",2938,"glutathione S-transferase alpha 1 "
"ENSG00000117069",8.48063167178672,-1.67353021807542,0.751584734631554,0.0010535726699626,0.00792122098501168,"ST6GALNAC5",81849,"ST6 N-acetylgalactosaminide alpha-2,6-sialyltransferase 5 "
"ENSG00000145708",10.1049032554683,-1.77269212840079,0.772430628721269,0.00109276431489473,0.008148711521999,"CRHBP",1393,"corticotropin releasing hormone binding protein "
"ENSG00000228526",6.03967684336493,1.65190535605945,0.762780508192318,0.00142157082107322,0.0101622474630155,"MIR34AHG",NA,"MIR34A host gene "
"ENSG00000099957",6.3667225380618,1.6556032008745,0.768681933887945,0.00145546498218151,0.0103628628353351,"P2RX6",9127,"purinergic receptor P2X 6 "
"ENSG00000226806",6.59260840165587,-1.91390076635233,0.841257587240331,0.00163178900353667,0.0113789363428697,"LCT-AS1",NA,"LCT antisense RNA 1 "
"ENSG00000188883",3.40021150991554,1.80228956737033,0.866570546256626,0.0017390718212004,0.012016792129746,"KLRG2",346689,"killer cell lectin like receptor G2 "
"ENSG00000255847",4.24480040610685,1.71313552453408,0.838630368950862,0.00175988514532266,0.0121219433896827,"AP003717.1",NA,"novel transcript"
"ENSG00000185522",5.13344817212657,1.74205191713919,0.835817009576823,0.00179920023507583,0.0123477413052847,"LMNTD2",256329,"lamin tail domain containing 2 "
"ENSG00000115112",4.85380393979278,1.5680092627831,0.805329821540356,0.00201535448280498,0.013551715151358,"TFCP2L1",29842,"transcription factor CP2 like 1 "
"ENSG00000147408",4.2866499344002,1.51721432007031,0.758504773523125,0.00203463573430617,0.0136561724537281,"CSGALNACT1",55790,"chondroitin sulfate N-acetylgalactosaminyltransferase 1 "
"ENSG00000162631",6.17368486457089,-1.96066186521106,0.884341421280838,0.00203956229132732,0.0136839390277594,"NTNG1",22854,"netrin G1 "
"ENSG00000102760",4.15887184348861,1.95042915053313,0.993768930951244,0.0021286048049396,0.0141498739047193,"RGCC",28984,"regulator of cell cycle "
"ENSG00000233143",5.95514078509842,-2.55528049232906,1.09994836902381,0.00234747549177097,0.0153053988985669,"DIRC3-AS1",NA,"DIRC3 antisense RNA 1 "
"ENSG00000050327",4.62821655376711,1.77024399233499,0.940018087768083,0.00258990307725218,0.0166110363911104,"ARHGEF5",7984,"Rho guanine nucleotide exchange factor 5 "
"ENSG00000078098",3.29481494800677,1.80928462427102,0.98743068511628,0.00284590910183496,0.0180064274314713,"FAP",2191,"fibroblast activation protein alpha "
"ENSG00000189409",6.56620216237492,1.54158548771414,0.95412938097448,0.0033487856005706,0.0204707070398196,"MMP23B",8510,"matrix metallopeptidase 23B "
"ENSG00000229372",4.67517214795934,-2.63681435709262,1.42796743033183,0.00350416845542472,0.0212110511115999,"SZT2-AS1",NA,"SZT2 antisense RNA 1 "
"ENSG00000167780",3.26297790688031,-2.72177990148131,1.54397303185457,0.00352691604197942,0.0213338411893555,"SOAT2",8435,"sterol O-acyltransferase 2 "
"ENSG00000229563",4.77943854089448,-2.37611488650054,1.17200193759377,0.0038186821540266,0.0227180781768902,"LINC01204",NA,"long intergenic non-protein coding RNA 1204 "
"ENSG00000185112",3.82827027774137,1.9453524516574,1.11373672949374,0.00392133989580128,0.0231863368990146,"FAM43A",131583,"family with sequence similarity 43 member A "
"ENSG00000179938",4.24480530251647,1.58726704701222,0.984879682999405,0.00408374280491523,0.0239758432572589,"GOLGA8J",653073,"golgin A8 family member J "
"ENSG00000248763",3.30031000180095,2.20811012291158,1.36538695061006,0.00448688918745566,0.0258761363123483,"AC111000.2",NA,"UDP glucuronosyltransferase 2 family, polypeptide B11 (UGT2B11) pseudogene"
"ENSG00000206262",3.88021160395281,1.52878667967284,1.03034626698812,0.00460301964113162,0.0264227659426336,"FOXL2NB",401089,"FOXL2 neighbor "
"ENSG00000128052",2.90777908688609,1.60094342405086,1.09482811095718,0.00508405529573513,0.0286060643750291,"KDR",3791,"kinase insert domain receptor "
"ENSG00000233695",3.81646323205078,1.66157069236798,1.29927254012185,0.0055635340120269,0.0308238349805844,"GAS6-AS1",NA,"GAS6 antisense RNA 1 "
"ENSG00000176919",2.7556193557902,1.9102189581084,1.24930834422107,0.00585243816862335,0.0320856543695801,"C8G",733,"complement C8 gamma chain "
"ENSG00000182557",4.68041429268879,-1.6544638137031,1.17710744395696,0.0073669402080153,0.0383390612026742,"SPNS3",201305,"sphingolipid transporter 3 (putative) "
"ENSG00000215333",5.29699671162969,-1.98269521913988,1.20982326233418,0.00810177171681874,0.0413682097384999,"KRT18P23",NA,"keratin 18 pseudogene 23 "
"ENSG00000185652",4.77853864288531,-2.04997315885029,1.37911339115649,0.00816994733144959,0.0416304578812177,"NTF3",4908,"neurotrophin 3 "
"ENSG00000223811",3.30120973417864,-1.89975569930813,1.85365508572875,0.00903284244983844,0.0449873473050464,"AL589684.1",NA,"novel transcript"
"ENSG00000139865",4.38347142847641,-1.87272949139094,1.39234212556355,0.00916573124525899,0.0454613973899079,"TTC6",319089,"tetratricopeptide repeat domain 6 "
"ENSG00000140022",3.18029003997461,1.73146161179185,1.63893257268245,0.00957731210602033,0.0469005009618474,"STON2",85439,"stonin 2 "
